bin_name,bin_arch,is_static,is_stripped,used_libs,keywords,used_nvram_env,checksec,hash_value,bdg
neaps_array,MIPS,0,1,"['libgcc_s.so.1', 'libc.so.0']",[],0,"{'RELRO': 0, 'Canary': 0, 'NX': 0, 'PIE': 0, 'rpath': 0, 'runpath': 0}",838545e38f89d6b4d16c7aad0d88ab3364da8803a68e42d438520f7b02912725,[]
openssl,MIPS,0,1,"['libssl.so.1.0.0', 'libcrypto.so.1.0.0', 'libdl.so.0', 'libgcc_s.so.1', 'libc.so.0']","['SSLEAY_CONF', 'OPENSSL_DEBUG_MEMORY', 'OPENSSL_CONF', 'OPENSSL_FIPS', 'SSL_CIPHER', 'TOP']",1,"{'RELRO': 0, 'Canary': 0, 'NX': 0, 'PIE': 0, 'rpath': 1, 'runpath': 0}",cfdaba87ba04169742b57207ec0046486bfa57c9c369c989d5e2f3192a8697bf,"['hostapd', 'httpd', 'wpa_supplicant']"
pop3client,MIPS,0,0,"['libgcc_s.so.1', 'libc.so.0']",[],0,"{'RELRO': 0, 'Canary': 0, 'NX': 0, 'PIE': 0, 'rpath': 0, 'runpath': 0}",275d0d87566c7e3fda0f82bd47af5d9ddc3f97651b44bea5085bd44ef9b66a7e,[]
statistic,MIPS,0,0,"['libgcc_s.so.1', 'libc.so.0']",[],0,"{'RELRO': 0, 'Canary': 0, 'NX': 0, 'PIE': 0, 'rpath': 0, 'runpath': 0}",7fbb154917f0fd829c3d7b51cd70e8760c95dea0b8099bb094e78452ca2f2d82,[]
ldapsearch,MIPS,0,0,"['libssl.so.1.0.0', 'libcrypto.so.1.0.0', 'libgcc_s.so.1', 'libc.so.0']",[],0,"{'RELRO': 0, 'Canary': 0, 'NX': 0, 'PIE': 0, 'rpath': 0, 'runpath': 0}",3245f84b3a6570a79294e091b6428f6a51bbcde0e0f04941578ae240f78003bd,[]
ip,MIPS,0,1,"['libresolv.so.0', 'libgcc_s.so.1', 'libc.so.0']","['HZ', 'PROC_NET_PSCHED', 'PROC_ROOT']",1,"{'RELRO': 0, 'Canary': 0, 'NX': 0, 'PIE': 0, 'rpath': 0, 'runpath': 0}",19bf952dc5a771fbce931fea86eb78e9239e57461c406210cdcefee291ad509d,['tc']
apneaps,MIPS,0,1,"['libpthread.so.0', 'libgcc_s.so.1', 'libc.so.0']",[],0,"{'RELRO': 0, 'Canary': 0, 'NX': 0, 'PIE': 0, 'rpath': 0, 'runpath': 0}",d99c2c8655e9b68ee46bc4c1b590407329ba553700d2b7f800dbcb06d8a57642,[]
captival_portal,MIPS,1,0,[],[],0,"{'RELRO': 0, 'Canary': 0, 'NX': 0, 'PIE': 0, 'rpath': 0, 'runpath': 0}",825b0b788a8c172be36f9e5989379e4725f71d590f10b61e52ff11b3363b0ccd,[]
vethctl,MIPS,0,1,"['libgcc_s.so.1', 'libc.so.0']",[],0,"{'RELRO': 0, 'Canary': 0, 'NX': 0, 'PIE': 0, 'rpath': 0, 'runpath': 0}",c1d4f92985d0de6c7267bc1d60f5af49a960d13194d4e749da13f436f1d79fed,[]
ebtables,MIPS,0,1,"['libebtc.so', 'libebt_802_3.so', 'libebt_nat.so', 'libebt_arp.so', 'libebt_arpreply.so', 'libebt_ip.so', 'libebt_standard.so', 'libebt_log.so', 'libebt_redirect.so', 'libebt_vlan.so', 'libebt_mark_m.so', 'libebt_mark.so', 'libebt_pkttype.so', 'libebt_stp.so', 'libebt_among.so', 'libebt_limit.so', 'libebt_ulog.so', 'libebtable_filter.so', 'libebtable_nat.so', 'libebtable_broute.so', 'libgcc_s.so.1', 'libc.so.0']",[],0,"{'RELRO': 0, 'Canary': 0, 'NX': 0, 'PIE': 0, 'rpath': 1, 'runpath': 0}",0cf5da835b7feef430e37550ccf0d5a2f40a9cde1cc9ad7fca4078939ae253d9,[]
autorekeysleep,MIPS,0,1,"['libgcc_s.so.1', 'libc.so.0']",[],0,"{'RELRO': 0, 'Canary': 0, 'NX': 0, 'PIE': 0, 'rpath': 0, 'runpath': 0}",0aecb2eaa2cdd84b2c7fca58b4e229e4bbbc0be4ae5854d3b1a215d1e960d34b,[]
iwlist,MIPS,0,1,"['libgcc_s.so.1', 'libc.so.0']",[],0,"{'RELRO': 0, 'Canary': 0, 'NX': 0, 'PIE': 0, 'rpath': 0, 'runpath': 0}",dbe5380526585f8d5d880c7b5251f10b282bfed34347fa034c9979801e472806,[]
charconv,MIPS,0,0,"['libgcc_s.so.1', 'libc.so.0']",['CHARSETALIASDIR'],1,"{'RELRO': 0, 'Canary': 0, 'NX': 0, 'PIE': 0, 'rpath': 0, 'runpath': 0}",bda716d467f9d17104449c1b3a411a9c9a2b98d349cb2a3f3ef207a387bb648e,[]
snmptrap,MIPS,0,0,"['libpthread.so.0', 'libssl.so.1.0.0', 'libcrypto.so.1.0.0', 'libgcc_s.so.1', 'libc.so.0']",[],0,"{'RELRO': 0, 'Canary': 0, 'NX': 0, 'PIE': 0, 'rpath': 0, 'runpath': 0}",43aa38bb4235813aea8b87af9635baa1f9d19eef0ef8283b21beb1943b860513,[]
sendmail,MIPS,0,1,"['libresolv.so.0', 'libgcc_s.so.1', 'libc.so.0']",[],0,"{'RELRO': 0, 'Canary': 0, 'NX': 0, 'PIE': 0, 'rpath': 0, 'runpath': 0}",816a9a6fcb7cd1007a665eb966dc505829d82eff773317cf0526ebc72e5bceb3,[]
radiusclient,MIPS,0,0,"['libradiusclient-ng.so.2', 'libcrypt.so.0', 'libnsl.so.0', 'libgcc_s.so.1', 'libc.so.0']",[],0,"{'RELRO': 0, 'Canary': 0, 'NX': 0, 'PIE': 0, 'rpath': 0, 'runpath': 0}",55621e8061e370672d0d196b688c853a6abd1dc9da4c3bed5ad14c469d416b13,[]
autorekeymatchtime,MIPS,0,1,"['libgcc_s.so.1', 'libc.so.0']",[],0,"{'RELRO': 0, 'Canary': 0, 'NX': 0, 'PIE': 0, 'rpath': 0, 'runpath': 0}",c365aa35c541ddf2e81aee6b06cdc0834aab79da7c45108e7a79c299011bfec5,[]
wpa_supplicant,MIPS,0,0,"['libgcc_s.so.1', 'libc.so.0']",['TOP'],1,"{'RELRO': 0, 'Canary': 0, 'NX': 0, 'PIE': 0, 'rpath': 0, 'runpath': 0}",99aada2537c539dce6ff5553c99d950bec95ce0a22964acdd7480bcad8c28717,"['hostapd', 'openssl', 'httpd']"
tc_monitor,MIPS,0,1,"['libgcc_s.so.1', 'libc.so.0']",[],0,"{'RELRO': 0, 'Canary': 0, 'NX': 0, 'PIE': 0, 'rpath': 0, 'runpath': 0}",66a76c15a4af8b14236d28f018b7f3587d80a4183a3b1d3b985a9d33b4a88d28,[]
neaps,MIPS,0,1,"['libgcc_s.so.1', 'libc.so.0']",[],0,"{'RELRO': 0, 'Canary': 0, 'NX': 0, 'PIE': 0, 'rpath': 0, 'runpath': 0}",c2d86122e2d8e0bcaa8cc5351f4ff24a067789b872a82b758d1dac28f4ffd6ee,[]
udhcpd,MIPS,0,1,"['libm.so.0', 'libgcc_s.so.1', 'libc.so.0']",[],0,"{'RELRO': 0, 'Canary': 0, 'NX': 0, 'PIE': 0, 'rpath': 0, 'runpath': 0}",7d0015e6ebe7d2c749d833f4ee24314ed49764a64377a55fd4147aa1f22ccb5d,[]
ethreg,MIPS,0,0,"['libgcc_s.so.1', 'libc.so.0']",[],0,"{'RELRO': 0, 'Canary': 0, 'NX': 0, 'PIE': 0, 'rpath': 0, 'runpath': 0}",8ac0e016e30e552f0f963aebd314fe614ca3991fc152cc5aa8ea64dfa460cce3,[]
athstats,MIPS,1,0,[],[],0,"{'RELRO': 0, 'Canary': 0, 'NX': 0, 'PIE': 0, 'rpath': 0, 'runpath': 0}",0336ce628f6574d8e49046a4c55878ddce9486e4447ff64536eb9e6ce5eea906,[]
nart.out,MIPS,0,0,"['libm.so.0', 'libpthread.so.0', 'libdl.so.0', 'libfield.so', 'libpart.so', 'libanwi.so', 'libgcc_s.so.1', 'libc.so.0']",[],0,"{'RELRO': 0, 'Canary': 0, 'NX': 0, 'PIE': 0, 'rpath': 0, 'runpath': 0}",a63650258735d6952f7889f29df2385479d41d25972522203b81fc0f94ad2dae,[]
cwmHelper,MIPS,0,1,"['libgcc_s.so.1', 'libc.so.0']",[],0,"{'RELRO': 0, 'Canary': 0, 'NX': 0, 'PIE': 0, 'rpath': 0, 'runpath': 0}",39574865cc3569c43fb014efabe197a604c134c9768c195c51ad8adb2d5798bf,[]
eapolclient,MIPS,0,0,"['libgcc_s.so.1', 'libc.so.0']",[],0,"{'RELRO': 0, 'Canary': 0, 'NX': 0, 'PIE': 0, 'rpath': 0, 'runpath': 0}",d9d2feb74b1a1e81c4affdcfad7881119f43ae2c122727f46bdd34f8109c5d79,[]
flashtest,MIPS,0,1,"['libgcc_s.so.1', 'libc.so.0']",[],0,"{'RELRO': 0, 'Canary': 0, 'NX': 0, 'PIE': 0, 'rpath': 0, 'runpath': 0}",e6ed3f270bc598b4883748454c7c2ce537d2fd05ce3f71e63a0f256a2dd6b7b3,[]
xmldb,MIPS,0,1,"['libgcc_s.so.1', 'libc.so.0']",[],0,"{'RELRO': 0, 'Canary': 0, 'NX': 0, 'PIE': 0, 'rpath': 0, 'runpath': 0}",8311d405eda946e523d0f1e08cbd65a3b4d59e8c902e107168025e334d32f6dd,[]
radartool,MIPS,1,0,[],[],0,"{'RELRO': 0, 'Canary': 0, 'NX': 0, 'PIE': 0, 'rpath': 0, 'runpath': 0}",b04697a177315d817201b9fc74b3e99085d899079ce03a9c9fb595a0b6b86976,[]
klogd,MIPS,0,1,"['libgcc_s.so.1', 'libc.so.0']",[],0,"{'RELRO': 0, 'Canary': 0, 'NX': 0, 'PIE': 0, 'rpath': 0, 'runpath': 0}",1bae19839f3169e253912a708fc55bf673f3bc3c6e5133d35c4914c23bb4eebc,[]
dhcp6-multi,MIPS,0,1,"['libgcc_s.so.1', 'libc.so.0']",[],0,"{'RELRO': 0, 'Canary': 0, 'NX': 0, 'PIE': 0, 'rpath': 0, 'runpath': 0}",36c5114ed08f601dab1462135a75f4af718948d0227a27ef81831215f915d696,[]
snmpd,MIPS,0,1,"['libpthread.so.0', 'libssl.so.1.0.0', 'libcrypto.so.1.0.0', 'libgcc_s.so.1', 'libc.so.0']","['MIBDIRS', 'MIBS', 'SNMPCONFPATH', 'HOME', 'PREFIX', 'SNMP_PERSISTENT_FILE', 'SNMP_PERSISTENT_DIR', 'MIBFILES']",1,"{'RELRO': 0, 'Canary': 0, 'NX': 0, 'PIE': 0, 'rpath': 0, 'runpath': 0}",27a3862b01447d2d78ee153627d534c7aa1481641cd043930abc6e854bf2267d,['ldapwhoami']
ethlink,MIPS,0,0,"['libgcc_s.so.1', 'libc.so.0']",[],0,"{'RELRO': 0, 'Canary': 0, 'NX': 0, 'PIE': 0, 'rpath': 0, 'runpath': 0}",629d19f6bac487ab45e72d6829814d0640d2b18e5cd6ab1d3362587f2648ea3d,[]
wpa_supplicant,MIPS,0,0,"['libgcc_s.so.1', 'libc.so.0']",[],0,"{'RELRO': 0, 'Canary': 0, 'NX': 0, 'PIE': 0, 'rpath': 0, 'runpath': 0}",99aada2537c539dce6ff5553c99d950bec95ce0a22964acdd7480bcad8c28717,[]
rgbin,MIPS,0,1,"['libgcc_s.so.1', 'libc.so.0']",['SMTPSERVER'],1,"{'RELRO': 0, 'Canary': 0, 'NX': 0, 'PIE': 0, 'rpath': 0, 'runpath': 0}",37f6f1905ec26f29a96dc43d236af12f1429b7dea72d893853b4528b829afb0c,[]
captival_usockc,MIPS,1,0,[],[],0,"{'RELRO': 0, 'Canary': 0, 'NX': 0, 'PIE': 0, 'rpath': 0, 'runpath': 0}",6d7edbd180d5b29e64b0f0d1a26473e9ffeeef5b9d4ce27bba6884108012a807,[]
sshd,MIPS,0,1,"['libcrypto.so.1.0.0', 'libutil.so.0', 'libcrypt.so.0', 'libresolv.so.0', 'libz.so.1', 'libgcc_s.so.1', 'libc.so.0']",[],0,"{'RELRO': 0, 'Canary': 0, 'NX': 0, 'PIE': 0, 'rpath': 0, 'runpath': 0}",2f2e24f1d66678abfa2be1ddb390231cd2bef75d46bbb1c7ded44867c8b674a7,[]
schedule_smtp,MIPS,0,1,"['libgcc_s.so.1', 'libc.so.0']",[],0,"{'RELRO': 0, 'Canary': 0, 'NX': 0, 'PIE': 0, 'rpath': 0, 'runpath': 0}",2ca7397de7566c1f47392ee86188d92bc8fa60becc81046f2456d62b8972768f,[]
iwpriv,MIPS,0,1,"['libgcc_s.so.1', 'libc.so.0']",[],0,"{'RELRO': 0, 'Canary': 0, 'NX': 0, 'PIE': 0, 'rpath': 0, 'runpath': 0}",d5af4866fd8074d442bba5577ed55d58498fcd6198d9ccadd8cc7e78a93dcd8e,[]
atp,MIPS,0,1,"['libgcc_s.so.1', 'libc.so.0']","['REALM', 'REMOTE_PASSWD', 'REQUEST_METHOD', 'QUERY_STRING', 'HTDOCS_DIR', 'REQUEST_URI', 'REMOTE_ADDR', 'SESSION_ID', 'REMOTE_USER']",1,"{'RELRO': 0, 'Canary': 0, 'NX': 0, 'PIE': 0, 'rpath': 0, 'runpath': 0}",f427cd873d18ea4847de3014432598cdc9a82f9202fc984d6e4f70b0b61700d8,[]
ebtables-restore,MIPS,0,1,"['libebtc.so', 'libebt_802_3.so', 'libebt_nat.so', 'libebt_arp.so', 'libebt_arpreply.so', 'libebt_ip.so', 'libebt_standard.so', 'libebt_log.so', 'libebt_redirect.so', 'libebt_vlan.so', 'libebt_mark_m.so', 'libebt_mark.so', 'libebt_pkttype.so', 'libebt_stp.so', 'libebt_among.so', 'libebt_limit.so', 'libebt_ulog.so', 'libebtable_filter.so', 'libebtable_nat.so', 'libebtable_broute.so', 'libgcc_s.so.1', 'libc.so.0']",[],0,"{'RELRO': 0, 'Canary': 0, 'NX': 0, 'PIE': 0, 'rpath': 1, 'runpath': 0}",c230b664674ac0cd82cb51c6096fba9f01a5ee2dc076ddc221788ad0f7d394b6,[]
ap_igmp,MIPS,0,1,"['libgcc_s.so.1', 'libc.so.0']",[],0,"{'RELRO': 0, 'Canary': 0, 'NX': 0, 'PIE': 0, 'rpath': 0, 'runpath': 0}",5c13f97a62c619996e68e882333624511390b5ff77b1d912ef794b5cfa462697,[]
iputils-ping6,MIPS,0,1,"['libgcc_s.so.1', 'libc.so.0']",[],0,"{'RELRO': 0, 'Canary': 0, 'NX': 0, 'PIE': 0, 'rpath': 0, 'runpath': 0}",7216b3ff098dec11f14bc3bacbfc353d9663d78135a7fc49f75d318373573040,[]
hostapd,MIPS,0,0,"['libssl.so.1.0.0', 'libcrypto.so.1.0.0', 'libgcc_s.so.1', 'libc.so.0']",['TOP'],1,"{'RELRO': 0, 'Canary': 0, 'NX': 0, 'PIE': 0, 'rpath': 0, 'runpath': 0}",564500cb5e2e136809bd615adf74488705da4039f4e05873c4570b306bb74655,"['openssl', 'httpd', 'wpa_supplicant']"
email,MIPS,0,0,"['libcrypto.so.1.0.0', 'libssl.so.1.0.0', 'libm.so.0', 'libgcc_s.so.1', 'libc.so.0']",['EDITOR'],1,"{'RELRO': 0, 'Canary': 0, 'NX': 0, 'PIE': 0, 'rpath': 0, 'runpath': 0}",22d92f00ecb1308434585900b52fc2e4b859f9abca4b8dacf41240802e9a0c71,[]
telnetd,MIPS,0,1,"['libgcc_s.so.1', 'libc.so.0']",[],0,"{'RELRO': 0, 'Canary': 0, 'NX': 0, 'PIE': 0, 'rpath': 0, 'runpath': 0}",07a57d788ad4fdf04833e0324a3493dcf952bfaf121f9a898aa3799dfc37b2c1,[]
dnrd,MIPS,0,1,"['libgcc_s.so.1', 'libc.so.0']",[],0,"{'RELRO': 0, 'Canary': 0, 'NX': 0, 'PIE': 0, 'rpath': 0, 'runpath': 0}",6fd13ebff4072a764ac981d6d4c7ba387b8c1653da6251ae645ff5d8cfcb1c68,[]
athdiag,MIPS,0,1,"['libgcc_s.so.1', 'libc.so.0']",[],0,"{'RELRO': 0, 'Canary': 0, 'NX': 0, 'PIE': 0, 'rpath': 0, 'runpath': 0}",4c25d159dfcd8214e2720d87d37c433029af4ac0c1a96402d1171f580f1a50dd,[]
80211stats,MIPS,1,0,[],[],0,"{'RELRO': 0, 'Canary': 0, 'NX': 0, 'PIE': 0, 'rpath': 0, 'runpath': 0}",91a41a5d7bdb5ca01cd4cd846625640b200557411220967e83180e94e0e0f863,[]
pop3client_ssl,MIPS,1,0,[],[],0,"{'RELRO': 0, 'Canary': 0, 'NX': 0, 'PIE': 0, 'rpath': 0, 'runpath': 0}",9f5916987e41a1655572ff63fb7405094e6ec9871db633c31027c9d319aa9162,[]
stunnel,MIPS,0,1,"['libdl.so.0', 'libutil.so.0', 'libnsl.so.0', 'libssl.so.1.0.0', 'libcrypto.so.1.0.0', 'libpthread.so.0', 'libz.so.1', 'libgcc_s.so.1', 'libc.so.0']",[],0,"{'RELRO': 0, 'Canary': 0, 'NX': 0, 'PIE': 0, 'rpath': 0, 'runpath': 0}",447bda523b2d827715d200626db8aa4a5742b5dfdba04e74141d8e585521e241,[]
static_dhcp,MIPS,0,0,"['libgcc_s.so.1', 'libc.so.0']",[],0,"{'RELRO': 0, 'Canary': 0, 'NX': 0, 'PIE': 0, 'rpath': 0, 'runpath': 0}",443e414d953ba3859d362613d9c498a554f7604e29caac113462a9a62783968a,[]
vlandevctl,MIPS,0,1,"['libgcc_s.so.1', 'libc.so.0']",[],0,"{'RELRO': 0, 'Canary': 0, 'NX': 0, 'PIE': 0, 'rpath': 0, 'runpath': 0}",f5e136f6abcd6f7e103b20285fa1c35148e72bfcbfe994ac25ad02aec8888590,[]
wlanconfig,MIPS,1,0,[],[],0,"{'RELRO': 0, 'Canary': 0, 'NX': 0, 'PIE': 0, 'rpath': 0, 'runpath': 0}",198387e3a2833b8aaf84442ad6f8bf43bf7297aa1674c30a74e744bde46dfc8e,[]
lld2d,MIPS,0,1,"['libgcc_s.so.1', 'libc.so.0']",[],0,"{'RELRO': 0, 'Canary': 0, 'NX': 0, 'PIE': 0, 'rpath': 0, 'runpath': 0}",1d22e98084f6a441556f6c487f7e4b31d45bdefa958df640550f4c8e59b38cec,[]
servd,MIPS,0,1,"['libgcc_s.so.1', 'libc.so.0']",[],0,"{'RELRO': 0, 'Canary': 0, 'NX': 0, 'PIE': 0, 'rpath': 0, 'runpath': 0}",5b26164c03f86d01e90128f23737725c4d61b55693499db046a63e7648ee9537,[]
hostapd,MIPS,0,0,"['libssl.so.1.0.0', 'libcrypto.so.1.0.0', 'libgcc_s.so.1', 'libc.so.0']",['TOP'],1,"{'RELRO': 0, 'Canary': 0, 'NX': 0, 'PIE': 0, 'rpath': 0, 'runpath': 0}",564500cb5e2e136809bd615adf74488705da4039f4e05873c4570b306bb74655,"['openssl', 'httpd', 'wpa_supplicant']"
fresetd,MIPS,0,0,"['libgcc_s.so.1', 'libc.so.0']",[],0,"{'RELRO': 0, 'Canary': 0, 'NX': 0, 'PIE': 0, 'rpath': 0, 'runpath': 0}",435fad205efac507070c63e5fa419a378a62969b7bc8e928fb9919a2525655e0,[]
busybox,MIPS,0,1,['libc.so.0'],Not parsed,Not parsed,"{'RELRO': 0, 'Canary': 0, 'NX': 0, 'PIE': 0, 'rpath': 0, 'runpath': 0}",523f063345fc292996e675c6b811a4a4bce9ed9d098efac6766af7403f1c1338,[]
neapc,MIPS,0,1,"['libgcc_s.so.1', 'libc.so.0']",[],0,"{'RELRO': 0, 'Canary': 0, 'NX': 0, 'PIE': 0, 'rpath': 0, 'runpath': 0}",9677df18bf3032c76356c2c39962fd3ef3fdc5672e685c748ba8f00afef9328c,[]
trap_monitor,MIPS,0,1,"['libgcc_s.so.1', 'libc.so.0']",[],0,"{'RELRO': 0, 'Canary': 0, 'NX': 0, 'PIE': 0, 'rpath': 0, 'runpath': 0}",2146250f4bcf064ffd3969373fa6b51c699de2f29c9edca627701322cdbbe7ff,[]
dhcpxmlpatch,MIPS,0,1,"['libgcc_s.so.1', 'libc.so.0']",[],0,"{'RELRO': 0, 'Canary': 0, 'NX': 0, 'PIE': 0, 'rpath': 0, 'runpath': 0}",06ab7f4f493e970c629150e0846d7e85d6d84a56e1abc76034aa4f85de180280,[]
radlogin,MIPS,0,0,"['libradiusclient-ng.so.2', 'libcrypt.so.0', 'libnsl.so.0', 'libgcc_s.so.1', 'libc.so.0']",[],0,"{'RELRO': 0, 'Canary': 0, 'NX': 0, 'PIE': 0, 'rpath': 0, 'runpath': 0}",bf0cb59bcd1955ce32f3629c7b08b470e1114cdd77d31343590dacf0bd72587e,[]
cloned,MIPS,0,1,"['libgcc_s.so.1', 'libc.so.0']",[],0,"{'RELRO': 0, 'Canary': 0, 'NX': 0, 'PIE': 0, 'rpath': 0, 'runpath': 0}",07f55703ba29b8b67097fe46c9ab720a52dcab154d791fa533a128d9c1f0d42c,[]
wlxmlpatch,MIPS,0,1,"['libgcc_s.so.1', 'libc.so.0']",[],0,"{'RELRO': 0, 'Canary': 0, 'NX': 0, 'PIE': 0, 'rpath': 0, 'runpath': 0}",4251bfbe9b421ccce894fc8d58b1693d59a6129a3c9598ee061595f747ce3389,[]
iwconfig,MIPS,0,1,"['libgcc_s.so.1', 'libc.so.0']",[],0,"{'RELRO': 0, 'Canary': 0, 'NX': 0, 'PIE': 0, 'rpath': 0, 'runpath': 0}",084dc7b13d148263a365f050f3d706fb62f3e8f90e1227e7e28d2eee0a74096b,[]
aparraymsg,MIPS,0,1,"['libgcc_s.so.1', 'libc.so.0']",[],0,"{'RELRO': 0, 'Canary': 0, 'NX': 0, 'PIE': 0, 'rpath': 0, 'runpath': 0}",fe79b9de1840ce5f7dd9edde846c9fcd32cd58612e525e774eacc33173ed9137,[]
captival_tar,MIPS,0,0,"['libgcc_s.so.1', 'libc.so.0']",[],0,"{'RELRO': 0, 'Canary': 0, 'NX': 0, 'PIE': 0, 'rpath': 0, 'runpath': 0}",a8fb8ab062eb992fd54b3edcf5542ec05acb4d7fd7212ab3136e5d68b974dd18,[]
athstatsclr,MIPS,1,0,[],[],0,"{'RELRO': 0, 'Canary': 0, 'NX': 0, 'PIE': 0, 'rpath': 0, 'runpath': 0}",74c85feae2cf43e376c2d199eb3dc57a4c7842fec1de6d47d56bd433ef58084f,[]
gpioc,MIPS,0,0,"['libgcc_s.so.1', 'libc.so.0']",[],0,"{'RELRO': 0, 'Canary': 0, 'NX': 0, 'PIE': 0, 'rpath': 0, 'runpath': 0}",9ac6cfb130f7b8e702c4b7fa3a7836202bd7ad6eb4d032cddd666bd3bdb09488,[]
ldapwhoami,MIPS,0,0,"['libssl.so.1.0.0', 'libcrypto.so.1.0.0', 'libgcc_s.so.1', 'libc.so.0']","['LDAPNOINIT', 'HOME', 'LDAPCONF', 'LDAPRC']",1,"{'RELRO': 0, 'Canary': 0, 'NX': 0, 'PIE': 0, 'rpath': 0, 'runpath': 0}",ba73c174ef3b5b83fd47f8cf16334fbf54433fd699b69808ffcfd183e92bb6b1,['snmpd']
zic,MIPS,0,0,"['libgcc_s.so.1', 'libc.so.0']",['TZ'],1,"{'RELRO': 0, 'Canary': 0, 'NX': 0, 'PIE': 0, 'rpath': 0, 'runpath': 0}",da3451814f275af1bd5da697fce0775deb48bdb0dfbd7e4dacf37385be6322f1,[]
apneapc,MIPS,0,1,"['libpthread.so.0', 'libgcc_s.so.1', 'libc.so.0']",[],0,"{'RELRO': 0, 'Canary': 0, 'NX': 0, 'PIE': 0, 'rpath': 0, 'runpath': 0}",ac5c5dc54ece6ac9821fc23436ac2bf811a7153989fa6bd43277a021e035abb2,[]
tc,MIPS,0,1,"['libresolv.so.0', 'libm.so.0', 'libdl.so.0', 'libgcc_s.so.1', 'libc.so.0']","['HZ', 'PROC_NET_PSCHED', 'PROC_ROOT']",1,"{'RELRO': 0, 'Canary': 0, 'NX': 0, 'PIE': 0, 'rpath': 0, 'runpath': 0}",5ec91430a7b99d288f9d41121c9c5720b838a15c4e1393ad47c689860202bda7,['ip']
httpd,MIPS,0,1,"['libcrypt.so.0', 'libgcc_s.so.1', 'libc.so.0']","['TOP', 'PATH']",1,"{'RELRO': 0, 'Canary': 0, 'NX': 0, 'PIE': 0, 'rpath': 0, 'runpath': 0}",ae261363b46d7f5e06df90be0c4826c33565b9aa409fd4ffb55876717c00efe2,"['hostapd', 'openssl', 'wpa_supplicant']"
arptables,MIPS,0,0,"['libgcc_s.so.1', 'libc.so.0']",[],0,"{'RELRO': 0, 'Canary': 0, 'NX': 0, 'PIE': 0, 'rpath': 0, 'runpath': 0}",bae84a0b981dcbc6ec3c5fc85a95bf9c07f98bf36701da26450b8259750d726f,[]
genZoneInfo,MIPS,0,0,"['libgcc_s.so.1', 'libc.so.0']",[],0,"{'RELRO': 0, 'Canary': 0, 'NX': 0, 'PIE': 0, 'rpath': 0, 'runpath': 0}",78ba212be0dc35cddaad1e29bea529ebae6f1ad59e2e21a770c2ce66e094bfe0,[]
syslogd,MIPS,0,1,"['libgcc_s.so.1', 'libc.so.0']",[],0,"{'RELRO': 0, 'Canary': 0, 'NX': 0, 'PIE': 0, 'rpath': 0, 'runpath': 0}",464aa8d1607945d29e639fd663c5a456fa8e332c771324b34e68284077cab547,[]
autorekey,MIPS,0,1,"['libgcc_s.so.1', 'libc.so.0']",[],0,"{'RELRO': 0, 'Canary': 0, 'NX': 0, 'PIE': 0, 'rpath': 0, 'runpath': 0}",506652db73ae10b58a10acacaee21c30a3c0fbf1288581cc1c496df80988de84,[]
cli,MIPS,1,1,[],[],0,"{'RELRO': 0, 'Canary': 0, 'NX': 0, 'PIE': 0, 'rpath': 0, 'runpath': 0}",9b07f248e9b04b31319f81337d872a0a0fbc70f5c4ce25e7d0b78f643f816d4b,[]
